epoch,precision,sensitivity,specificity,train_acc,train_loss,val_acc,val_loss_wrong,val_macc,val_loss,F1
291,0.906976743482964,0.749999999519231,0.906249999291992,0.840337754472548,0.45730999886723,0.854986522911051,0.025492333784785,0.828124999405611,0.446667026829075,0.82105263100277
333,0.867132866526481,0.794871794362262,0.851562499334717,0.841047193090685,0.457352741364434,0.847708894878706,0.025784978670929,0.823217146848489,0.451794639793602,0.829431437572287
280,0.866197182488594,0.788461537956114,0.851562499334717,0.842982726711906,0.453833320378779,0.852021563342318,0.025404601043414,0.820012018645416,0.445129806930954,0.825503355150669
299,0.869565216761185,0.769230768737673,0.859374999328613,0.838379086983344,0.460160151429701,0.854312668463612,0.025305606030616,0.814302884033143,0.443395253774282,0.816326530056921
393,0.923728812776501,0.698717948270053,0.929687499273681,0.836389574336829,0.461507688678563,0.857816711590296,0.025178447101434,0.814202723771867,0.441167223131335,0.79562043737546
297,0.838926173933607,0.801282050768409,0.812499999365234,0.836505243676743,0.461657193272308,0.8544474393531,0.025365671478229,0.806891025066822,0.44444769781989,0.819672130610051
328,0.834437085540108,0.807692307174556,0.804687499371338,0.840037014188772,0.458419420865147,0.852156334231806,0.025492912785573,0.806189903272947,0.446677171861803,0.820846905002706
366,0.852112675456259,0.77564102514382,0.835937499346924,0.837800740283775,0.459363145076546,0.85822102425876,0.025308157399943,0.805789262245372,0.443439957902238,0.812080536367731
363,0.84615384556213,0.77564102514382,0.828124999353027,0.836435842072794,0.460117973811314,0.844070080862534,0.025760215795759,0.801883012248424,0.451360754064612,0.809364547953602
264,0.894308942362351,0.7051282046762,0.898437499298096,0.843661320172733,0.454065786841547,0.847304582210243,0.025548449787997,0.801782851987148,0.447650270204286,0.788530465384566
254,0.86029411701449,0.749999999519231,0.851562499334717,0.841270820481184,0.455958017905002,0.856603773584906,0.02530402907725,0.800781249426974,0.443367622994088,0.801369862464815
327,0.836734693308344,0.788461537956114,0.812499999365234,0.839844231955583,0.458901375472389,0.850269541778976,0.025785341134837,0.800480768660674,0.45180099074905,0.811881187582917
389,0.870229006969291,0.730769230300789,0.86718749932251,0.836536088834053,0.461169853487005,0.851347708894879,0.025483502845935,0.798978364811649,0.446512294459987,0.794425086554408
332,0.854014597916778,0.749999999519231,0.84374999934082,0.838749228871067,0.459449194949772,0.850808625336927,0.025455508393196,0.796874999430026,0.446021786251584,0.798634811741546
348,0.829931972224536,0.782051281549967,0.804687499371338,0.837114435533621,0.459376928119698,0.852291105121294,0.02556926792609,0.793369390460653,0.448015037742821,0.805280527521267
349,0.841726618099477,0.749999999519231,0.828124999353027,0.838942011104257,0.456996453464831,0.845283018867925,0.025761333785086,0.789062499436129,0.45138034305057,0.793220338445274
354,0.890756301772474,0.679487179051611,0.898437499298096,0.837685070943862,0.45895134841846,0.843530997304582,0.025814969028824,0.788962339174853,0.452320119496938,0.77090909034843
373,0.86153846087574,0.717948717488494,0.859374999328613,0.833590376310919,0.463424360165529,0.847304582210243,0.025752406346105,0.788661858408554,0.451223919842694,0.783216782669079
360,0.815789473147507,0.794871794362262,0.781249999389648,0.832271745835904,0.463743893283395,0.842991913746631,0.02587501093982,0.788060896875955,0.453372151142842,0.805194804671952
262,0.910714284901148,0.653846153427022,0.921874999279785,0.841155151141271,0.455565464785304,0.849056603773585,0.02537398931882,0.787860576353403,0.444593439875422,0.761194029282691
308,0.860465115612043,0.711538461082347,0.859374999328613,0.840422578655151,0.458231165584509,0.85,0.025868773736208,0.78545673020548,0.453262865221178,0.778947367874423
278,0.895652173134216,0.660256409833169,0.906249999291992,0.838702961135102,0.45814500273552,0.836657681940701,0.026081700099208,0.783253204562581,0.45699368038693,0.76014760091502
312,0.882352940434997,0.673076922645463,0.890624999304199,0.836536088834053,0.46010633730767,0.849730458221024,0.025434245413033,0.781850960974831,0.445649224358636,0.763636363080992
367,0.820689654606421,0.762820512331525,0.796874999377441,0.839404688463911,0.458187029719555,0.847978436657682,0.02572486379642,0.779847755854483,0.450741329708615,0.790697673893224
330,0.887931033717301,0.660256409833169,0.898437499298096,0.83829426280074,0.461580783997571,0.839622641509434,0.026038162064335,0.779346954565632,0.456230823413746,0.757352940619593
303,0.881355931456478,0.666666666239316,0.890624999304199,0.835764959901296,0.460799556592723,0.85188679245283,0.025389605864467,0.778645832771758,0.444867067079286,0.759124087037136
390,0.828571427979592,0.743589743113084,0.812499999365234,0.835487353485503,0.461570465544501,0.848787061994609,0.025665841020958,0.778044871239159,0.449707154969911,0.7837837832542
315,0.900900900089278,0.641025640614727,0.914062499285889,0.836566933991363,0.457779337847544,0.851212938005391,0.025270917763887,0.777544069950308,0.442787459089949,0.749063669850889
285,0.868852458304219,0.679487179051611,0.874999999316406,0.839366132017273,0.458131257350956,0.852425876010782,0.025684246655767,0.777243589184009,0.450029651538746,0.762589927508928
282,0.868852458304219,0.679487179051611,0.874999999316406,0.838494756323257,0.459334524549784,0.851212938005391,0.025484559640056,0.777243589184009,0.446530811206715,0.762589927508928
329,0.931372548106498,0.608974358583991,0.945312499261475,0.83979025293029,0.458967541611233,0.849326145552561,0.02600934853731,0.777143428922733,0.455725963695629,0.736434107956253
356,0.851562499334717,0.698717948270053,0.851562499334717,0.83905768044417,0.45856949033771,0.847843665768194,0.025687565318821,0.775140223802385,0.450087799897065,0.76760563326225
381,0.818181817609663,0.749999999519231,0.796874999377441,0.833814003701419,0.463139096362602,0.848247978436658,0.025627921176659,0.773437499448336,0.449042737806166,0.78260869512869
339,0.835820894898641,0.717948717488494,0.828124999353027,0.838047501542258,0.458959859259313,0.849865229110512,0.025481718770336,0.773036858420761,0.446481034562394,0.772413792570749
266,0.88596491150354,0.647435897020874,0.898437499298096,0.839643738433066,0.457229710757944,0.845956873315364,0.025768142928501,0.772936698159485,0.451499650285051,0.748148147593964
318,0.813793102887039,0.756410255925378,0.789062499383545,0.840939235040099,0.456718420110771,0.845283018867925,0.025635113966938,0.772736377654462,0.449168767155828,0.784053155625214
346,0.761111110688272,0.878205127642176,0.664062499481201,0.836034855027761,0.463436297937876,0.812129380053908,0.028332928126928,0.771133813561689,0.496438846072635,0.815476189990788
275,0.839694655847561,0.7051282046762,0.835937499346924,0.837515422578655,0.459328235565614,0.852830188679245,0.025471073158284,0.770532852011562,0.446294506176098,0.766550522113902
313,0.783950616800031,0.814102563580703,0.726562499432373,0.831022516964837,0.46526684423444,0.843800539083558,0.02599022503567,0.770332531506538,0.455390888935811,0.798742137862426
386,0.84374999934082,0.692307691863905,0.84374999934082,0.838340530536706,0.45748895247667,0.846630727762803,0.025711433802529,0.768028845602363,0.450506014437289,0.760563379746082
281,0.877192981686673,0.641025640614727,0.890624999304199,0.839905922270204,0.457311957113798,0.84622641509434,0.025611883325561,0.765825319959463,0.448761728647593,0.740740740192044
391,0.897196260843742,0.615384614990138,0.914062499285889,0.835286859962986,0.46181829671111,0.834097035040431,0.026410984437664,0.764723557138013,0.462763275971284,0.730038022258526
258,0.766081870897028,0.839743589205293,0.687499999462891,0.838664404688464,0.458934402053929,0.845956873315364,0.025817280324653,0.763621794334092,0.45236061714791,0.801223241100169
273,0.87610619391495,0.63461538420858,0.890624999304199,0.838610425663171,0.459911793042862,0.848517520215633,0.025673565738789,0.76262019175639,0.449842504552893,0.736059479006647
305,0.805555554996142,0.743589743113084,0.781249999389648,0.838217149907464,0.459489866224645,0.847035040431267,0.02571332850023,0.762419871251366,0.450539212613492,0.773333332817778
325,0.903846152977071,0.602564102177843,0.921874999279785,0.835294571252313,0.463620297798087,0.847574123989218,0.025888617458341,0.762219550728814,0.453610559411951,0.72307692252071
284,0.857142856422569,0.653846153427022,0.86718749932251,0.837900987045034,0.460631410997995,0.838544474393531,0.026131329410664,0.760516826374766,0.457863266403611,0.741818181278678
378,0.857142856422569,0.653846153427022,0.86718749932251,0.835980876002468,0.45961805605767,0.845148247978437,0.025723100903776,0.760516826374766,0.450710440970756,0.741818181278678
335,0.851239668717984,0.660256409833169,0.859374999328613,0.836474398519432,0.46158620683422,0.845013477088949,0.025578190657748,0.759815704580891,0.448171378470756,0.743682309932359
238,0.825757575132002,0.698717948270053,0.820312499359131,0.841185996298581,0.453984331316038,0.846495956873315,0.025580219514168,0.759515223814592,0.448206927325275,0.756944443918789
253,0.927083332367621,0.570512820147107,0.945312499261475,0.838001233806292,0.459655300401049,0.842587601078167,0.02607740231287,0.757912659704291,0.456918376200908,0.706349205788612
355,0.824427480286697,0.692307691863905,0.820312499359131,0.832395126465145,0.464186457007751,0.851347708894879,0.025507717317919,0.756310095611518,0.446936571275866,0.752613239893649
295,0.8738738730866,0.621794871396285,0.890624999304199,0.836165946946329,0.459121339283993,0.844743935309973,0.025639694192684,0.756209935350242,0.449249020138302,0.726591759755362
231,0.867256636400658,0.628205127802433,0.882812499310303,0.842003392967304,0.454353837379975,0.851212938005391,0.02524852502609,0.755508813556368,0.442395102011191,0.728624534774257
395,0.838709676742976,0.666666666239316,0.84374999934082,0.83803979025293,0.458423600968398,0.847304582210243,0.025492837468397,0.755208332790068,0.446675852182749,0.742857142326531
300,0.805755395103773,0.717948717488494,0.789062499383545,0.837584824182603,0.46032129252709,0.852021563342318,0.025446449149157,0.75350560843602,0.445863053605363,0.75932203338351
382,0.848739495085093,0.647435897020874,0.859374999328613,0.836404996915484,0.461316006466431,0.851212938005391,0.025478967339761,0.753405448174744,0.446432825036951,0.73454545401124
249,0.823076922443787,0.685897435457758,0.820312499359131,0.842743676742751,0.453864162762224,0.849326145552561,0.025608265747466,0.753104967408444,0.448698342813028,0.748251747728495
276,0.859649122052939,0.628205127802433,0.874999999316406,0.838687538556447,0.456601640829863,0.851347708894879,0.025329340355606,0.751602563559419,0.443811117636191,0.725925925388203
370,0.730569947807995,0.903846153266765,0.593749999536133,0.822794571252313,0.475601076252314,0.826010781671159,0.027154492059461,0.748798076401449,0.475790735193201,0.808022922173053
301,0.767295597001701,0.782051281549967,0.71093749944458,0.838826341764343,0.456678426690479,0.844339622641509,0.025917588680702,0.746494390497274,0.454118182208087,0.774603174111363
340,0.891089108028625,0.576923076553254,0.914062499285889,0.836829117828501,0.458348208475532,0.839083557951482,0.025711706827291,0.745492787919572,0.45051079827386,0.700389104513316
358,0.810606059991965,0.685897435457758,0.804687499371338,0.838618136952498,0.458718543028401,0.83989218328841,0.025909661547961,0.745292467414548,0.453979285987648,0.743055555039545
353,0.8239999993408,0.660256409833169,0.828124999353027,0.839558914250463,0.458309834374518,0.852964959568733,0.025285376307958,0.744190704593098,0.443040796228357,0.733096084887476
246,0.862385320309738,0.602564102177843,0.882812499310303,0.83950493522517,0.45474119361455,0.851482479784366,0.025369430276029,0.742688300744073,0.444513558052682,0.709433961728729
250,0.77124182956128,0.756410255925378,0.726562499432373,0.840144972239358,0.456636587999383,0.850673854447439,0.025568653620376,0.741486377678876,0.448004274110536,0.763754044813104
331,0.821138210714522,0.647435897020874,0.828124999353027,0.837361196792104,0.459298899525683,0.853234501347709,0.025543187000346,0.737780448186951,0.447558057630384,0.724014336398556
277,0.693333333025185,0.999999999358974,0.460937499639893,0.840962368908081,0.454757386807323,0.8544474393531,0.025301006975576,0.730468749499434,0.443314670872044,0.818897637365408
377,0.8079999993536,0.647435897020874,0.812499999365234,0.834484885872918,0.462947979029288,0.846630727762803,0.025722201804991,0.729967948193054,0.450694687302048,0.718861209452768
251,0.693693693381219,0.98717948654668,0.468749999633789,0.838155459592844,0.458867332108977,0.832479784366577,0.026724379205711,0.727964743090235,0.468254460515203,0.814814814383696
387,0.901098900108682,0.525641025304076,0.929687499273681,0.828616594694633,0.467185097382095,0.833288409703504,0.026254207029141,0.727664262288879,0.460016281540329,0.663967610798407
119,0.961038959790858,0.474358974054898,0.976562499237061,0.79383096853794,0.487701232430009,0.806064690026954,0.027142031774208,0.725460736645979,0.475572410789696,0.63519313250198
118,0.999999998571429,0.448717948430309,0.99999999921875,0.793753855644664,0.487034901376677,0.811725067385445,0.027004686197013,0.72435897382453,0.473165893554688,0.61946902600047
311,0.830357142115753,0.596153845771696,0.851562499334717,0.832194632942628,0.464412935755052,0.845687331536388,0.025572113503134,0.723858172553206,0.448064896867082,0.694029850228336
110,0.898876403484409,0.512820512491782,0.929687499273681,0.790260641579272,0.490114394739125,0.7955525606469,0.027788858032697,0.721254005882732,0.486905855745883,0.653061223956685
321,0.689189188878744,0.980769230140533,0.460937499639893,0.83848704503393,0.459593201389692,0.841644204851752,0.026091300685447,0.720853364890213,0.457161898226351,0.80952380909549
326,0.684210526015697,0.999999999358974,0.437499999658203,0.840869833436151,0.458281439799283,0.846091644204852,0.025901407256238,0.718749999508589,0.453834657411318,0.812499999576823
364,0.769784172108069,0.685897435457758,0.749999999414063,0.839620604565083,0.458300156117442,0.840970350404313,0.025963614536034,0.71794871743591,0.454924629830025,0.725423728321747
230,0.68778280511865,0.974358973734385,0.460937499639893,0.842280999383097,0.459194396944412,0.852021563342318,0.025560399328653,0.717648236687139,0.447859645534206,0.806366047317578
324,0.686098654400853,0.980769230140533,0.453124999645996,0.83778531770512,0.460236673680202,0.842587601078167,0.026025442876291,0.716947114893264,0.456007962613493,0.807387862370772
359,0.684444444140247,0.98717948654668,0.4453124996521,0.835649290561382,0.462297690534378,0.834905660377359,0.026438995366036,0.71624599309939,0.463254072859481,0.808398949706877
232,0.684444444140247,0.98717948654668,0.4453124996521,0.843537939543492,0.453543085642257,0.854177897574124,0.025564916005533,0.71624599309939,0.447938785037479,0.808398949706877
272,0.686363636051653,0.967948717328238,0.460937499639893,0.836651758173966,0.461455644510161,0.84177897574124,0.026008303511498,0.714443108484065,0.455707653148754,0.803191488934472
302,0.681415928902028,0.98717948654668,0.437499999658203,0.835356261566934,0.46248221761482,0.850943396226415,0.025713147268276,0.712339743102442,0.450536037135769,0.806282722090952
139,0.904761903684807,0.487179486867193,0.937499999267578,0.79417797655768,0.485708565912772,0.804986522911051,0.027819582733056,0.712339743067385,0.487444202319996,0.633333332805556
322,0.68325791824287,0.967948717328238,0.453124999645996,0.834554287476866,0.462751401200737,0.83921832884097,0.026268449036332,0.710536858487117,0.460265824601457,0.801061007532594
224,0.676855894900936,0.993589742952827,0.42187499967041,0.829048426896977,0.472407628003046,0.845283018867925,0.026345486738754,0.707732371311619,0.461615650073902,0.805194804776522
388,0.676855894900936,0.993589742952827,0.42187499967041,0.835811227637261,0.463004994131286,0.856603773584906,0.025335226863618,0.707732371311619,0.443914258802259,0.805194804776522
270,0.681818181508264,0.961538460922091,0.453124999645996,0.838672115977791,0.459512310743001,0.840835579514825,0.025972198340401,0.707331730284043,0.455075032002217,0.797872340001132
241,0.675324675032327,0.999999999358974,0.414062499676514,0.839690006169031,0.456597536043788,0.854851752021563,0.025177491514767,0.707031249517744,0.441150479703336,0.806201549970955
180,0.860215052838478,0.512820512491782,0.898437499298096,0.794602097470697,0.48590258295735,0.790161725067385,0.028141558951808,0.705629005894939,0.493085747796136,0.642570280608377
334,0.676991150142924,0.980769230140533,0.429687499664307,0.838170882171499,0.459086542748824,0.8544474393531,0.025471708646954,0.70522836490242,0.446305640968116,0.801047119999452
233,0.675438596194983,0.98717948654668,0.42187499967041,0.842273288093769,0.455415207019802,0.844339622641509,0.025646908165918,0.704527243108545,0.449375420647699,0.802083332915582
228,0.673913043185255,0.993589742952827,0.414062499676514,0.841401912399753,0.465654803006421,0.853638814016172,0.025997867375341,0.70382612131467,0.455524795119827,0.803108807874037
323,0.673913043185255,0.993589742952827,0.414062499676514,0.837924120913017,0.458878893295446,0.849056603773585,0.025522394752532,0.70382612131467,0.447193743731525,0.803108807874037
240,0.673913043185255,0.993589742952827,0.414062499676514,0.839944478716841,0.457861810154925,0.855525606469003,0.025393821272643,0.70382612131467,0.444940927866343,0.803108807874037
286,0.672413792813615,0.999999999358974,0.406249999682617,0.839150215916101,0.458169104231741,0.850808625336927,0.025656984191829,0.703124999520796,0.449551968961149,0.80412371092571
316,0.672413792813615,0.999999999358974,0.406249999682617,0.83696020974707,0.458461447849183,0.851212938005391,0.02544388365786,0.703124999520796,0.445818102037585,0.80412371092571
369,0.672489082675769,0.98717948654668,0.414062499676514,0.831315545959284,0.467137346292708,0.849730458221024,0.025561070122249,0.700620993111597,0.447871398925781,0.799999999584416
226,0.670995670705197,0.993589742952827,0.406249999682617,0.840785009253547,0.465518591894185,0.844339622641509,0.026306359465983,0.699919871317722,0.460930076805321,0.801033591317295
306,0.670995670705197,0.993589742952827,0.406249999682617,0.840260641579272,0.45788862306947,0.856873315363881,0.025346432647164,0.699919871317722,0.44411060230152,0.801033591317295
105,0.898734176077552,0.455128204836456,0.937499999267578,0.789011412708205,0.490928949994216,0.804716981132076,0.027607063553537,0.696314102052017,0.48372052166913,0.604255318634676
199,0.888888887791495,0.461538461242604,0.929687499273681,0.791533004318322,0.490904848497995,0.793126684636119,0.027923155617938,0.695612980258143,0.489258967219172,0.607594936196122
310,0.668122270450602,0.980769230140533,0.406249999682617,0.837060456508328,0.462363291794405,0.850539083557952,0.02550455399654,0.693509614911575,0.446881144755595,0.794805194392309
211,0.897435896285339,0.448717948430309,0.937499999267578,0.791116594694633,0.490727137621954,0.797708894878706,0.027561524906185,0.693108973848944,0.482922610721073,0.598290597779239
399,0.666666666378066,0.98717948654668,0.398437499688721,0.83950493522517,0.456730207248766,0.85188679245283,0.025598611027007,0.6928084931177,0.448529176454286,0.795865632663635
133,0.942028984141987,0.416666666399573,0.968749999243164,0.795689389265885,0.486144727677194,0.801078167115903,0.027414084473786,0.692708332821368,0.480339215252851,0.577777777264198
120,0.942028984141987,0.416666666399573,0.968749999243164,0.795997840838988,0.48560688772559,0.803908355795148,0.027287859948314,0.692708332821368,0.478127556878167,0.577777777264198
376,0.665236051216637,0.993589742952827,0.390624999694824,0.834554287476866,0.463293571889943,0.847978436657682,0.025699561932711,0.692107371323826,0.450298000026394,0.796915166685391
274,0.665236051216637,0.993589742952827,0.390624999694824,0.834785626156693,0.462113163453937,0.861455525606469,0.02517299131352,0.692107371323826,0.441071628879856,0.796915166685391
187,0.983870966155047,0.391025640774984,0.992187499224854,0.791448180135719,0.488849141504705,0.803369272237197,0.027169032981693,0.691606569999918,0.476045515730574,0.559633027009511
173,0.896103894940125,0.442307692024162,0.937499999267578,0.794247378161629,0.485817135621529,0.808355795148248,0.027331419166143,0.68990384564587,0.478890785011085,0.592274677603198
247,0.663793103162158,0.98717948654668,0.390624999694824,0.844316779765577,0.45225941735838,0.852560646900269,0.025427372720752,0.688902243120752,0.445528803644954,0.793814432580508
161,0.928571427244898,0.416666666399573,0.960937499249268,0.79487970388649,0.486017705260393,0.795822102425876,0.027495723584911,0.68880208282442,0.481769664867504,0.575221238429008
131,0.928571427244898,0.416666666399573,0.960937499249268,0.791987970388649,0.487908015735867,0.8,0.027446986311254,0.68880208282442,0.48091570879962,0.575221238429008
343,0.662393162110088,0.993589742952827,0.382812499700928,0.838394509561999,0.457929181368579,0.847169811320755,0.025864977279821,0.688201121326877,0.45319634514886,0.794871794464168
289,0.662393162110088,0.993589742952827,0.382812499700928,0.835903763109192,0.462468698181783,0.848652291105121,0.025562894210098,0.688201121326877,0.447903359902872,0.794871794464168
375,0.662393162110088,0.993589742952827,0.382812499700928,0.830505860579889,0.466440285831694,0.852964959568733,0.025415787997666,0.688201121326877,0.445325820510452,0.794871794464168
304,0.662393162110088,0.993589742952827,0.382812499700928,0.837800740283775,0.459327444735269,0.85566037735849,0.025257019391311,0.688201121326877,0.442543937064506,0.794871794464168
380,0.66101694887245,0.999999999358974,0.374999999707031,0.835132634176434,0.458639949555568,0.849056603773585,0.025631625840239,0.687499999533003,0.449107649519637,0.795918366940858
298,0.66101694887245,0.999999999358974,0.374999999707031,0.838587291795188,0.457224551531409,0.852021563342318,0.025525044975652,0.687499999533003,0.447240179938239,0.795918366940858
127,0.894736840927978,0.435897435618015,0.937499999267578,0.792867057371993,0.487841473011145,0.806738544474393,0.027318516392482,0.686698717442796,0.478664707493138,0.586206896046373
288,0.662337662050936,0.980769230140533,0.390624999694824,0.838895743368291,0.45699385502227,0.850943396226415,0.025620114080667,0.685697114917678,0.448905944824219,0.790697674009975
150,0.915492956457052,0.416666666399573,0.953124999255371,0.794085441085749,0.486625326575274,0.799730458221024,0.027406512743967,0.684895832827472,0.480206546267948,0.572687224165033
283,0.659574467804436,0.993589742952827,0.374999999707031,0.840815854410857,0.458341994808538,0.844878706199461,0.025772772581144,0.684294871329929,0.451580769306905,0.792838874274763
371,0.658227847823533,0.999999999358974,0.367187499713135,0.826164404688464,0.472777472994274,0.841509433962264,0.025891806669999,0.683593749536055,0.453666439571896,0.793893129366976
290,0.658227847823533,0.999999999358974,0.367187499713135,0.839690006169031,0.45807789513198,0.858760107816712,0.025382340110674,0.683593749536055,0.444739759290541,0.793893129366976
260,0.658227847823533,0.999999999358974,0.367187499713135,0.842381246144355,0.454649419635971,0.855121293800539,0.025358586956391,0.683593749536055,0.444323565508868,0.793893129366976
171,0.873417720413395,0.442307692024162,0.921874999279785,0.79519586674892,0.484624149217183,0.797169811320755,0.027835724145271,0.682091345651974,0.487727026037268,0.587234042053418
212,0.952380950869236,0.384615384368836,0.976562499237061,0.791594694632943,0.489230886609691,0.801482479784367,0.027352550341247,0.680588941802948,0.479261037465688,0.547945204979045
384,0.656779660738653,0.993589742952827,0.367187499713135,0.840761875385564,0.456217523233842,0.852560646900269,0.025452465108565,0.680388621332981,0.445968462969806,0.790816326127135
256,0.656779660738653,0.993589742952827,0.367187499713135,0.836335595311536,0.460620377031756,0.858894878706199,0.025084317107453,0.680388621332981,0.43951791299356,0.790816326127135
294,0.655462184598545,0.999999999358974,0.359374999719238,0.832202344231956,0.460896678090776,0.844070080862534,0.025916317703362,0.679687499539106,0.45409591262405,0.791878172186864
239,0.655462184598545,0.999999999358974,0.359374999719238,0.842165330043183,0.454669642297644,0.850134770889488,0.025758424659175,0.679687499539106,0.451329370447107,0.791878172186864
229,0.655462184598545,0.999999999358974,0.359374999719238,0.840252930289945,0.465595716682092,0.859568733153639,0.025666281155703,0.679687499539106,0.449714866844383,0.791878172186864
292,0.655462184598545,0.999999999358974,0.359374999719238,0.837600246761258,0.460469780338963,0.849595687331536,0.025485694105015,0.679687499539106,0.446550688872466,0.791878172186864
164,0.999999998214286,0.358974358744247,0.99999999921875,0.795057063541024,0.485350470400953,0.791644204851752,0.02742960216564,0.679487178981499,0.480611110377956,0.528301886294055
122,0.913043476937618,0.403846153587278,0.953124999255371,0.793776989512647,0.486484973018375,0.802291105121294,0.027363490161016,0.678485576421325,0.47945272084829,0.559999999502222
368,0.655319148657311,0.98717948654668,0.367187499713135,0.836289327575571,0.461974918777958,0.840700808625337,0.026040228579343,0.677183493129907,0.456267032107791,0.787723784763313
347,0.655319148657311,0.98717948654668,0.367187499713135,0.82700493522517,0.473094407669578,0.851347708894879,0.025468168739697,0.677183493129907,0.446243616052576,0.787723784763313
259,0.654008438542612,0.993589742952827,0.359374999719238,0.841579272054288,0.454496488110732,0.849730458221024,0.025653015918135,0.676482371336033,0.449482438370988,0.788804070845392
344,0.654008438542612,0.993589742952827,0.359374999719238,0.837515422578655,0.459314038277996,0.856738544474394,0.025366469369559,0.676482371336033,0.444461678169869,0.788804070845392
372,0.652719664998862,0.999999999358974,0.351562499725342,0.832618753855645,0.462921354407682,0.846495956873315,0.025817645142223,0.675781249542158,0.452367009343328,0.789873417321583
350,0.652719664998862,0.999999999358974,0.351562499725342,0.836551511412708,0.460580308294289,0.848921832884097,0.02565388912664,0.675781249542158,0.449497738400021,0.789873417321583
357,0.652719664998862,0.999999999358974,0.351562499725342,0.83928130783467,0.458294582646441,0.852156334231806,0.025499145281861,0.675781249542158,0.446786375303526,0.789873417321583
336,0.652719664998862,0.999999999358974,0.351562499725342,0.838348241826033,0.459019774072574,0.852964959568733,0.025357019417672,0.675781249542158,0.444296099688556,0.789873417321583
351,0.652719664998862,0.999999999358974,0.351562499725342,0.837700493522517,0.458604814093109,0.857951482479784,0.025194760330956,0.675781249542158,0.441453057366448,0.789873417321583
214,0.870129868999831,0.429487179211867,0.921874999279785,0.792358112276373,0.488911504126176,0.800673854447439,0.027427888699893,0.675681089245826,0.480581087679476,0.575107295643685
337,0.651260503928042,0.993589742952827,0.351562499725342,0.838525601480567,0.459208255304739,0.847169811320755,0.025828587315654,0.672576121339084,0.4525587339659,0.786802030057461
392,0.651260503928042,0.993589742952827,0.351562499725342,0.837538556446638,0.460154615617288,0.84811320754717,0.025695009950905,0.672576121339084,0.450218241923564,0.786802030057461
255,0.651260503928042,0.993589742952827,0.351562499725342,0.842805367057372,0.454408367015174,0.847304582210243,0.025526374794535,0.672576121339084,0.447263480521537,0.786802030057461
361,0.649999999729167,0.999999999358974,0.343749999731445,0.837939543491672,0.458895387756922,0.847035040431267,0.025878750908325,0.67187499954521,0.45343768145587,0.787878787480869
317,0.649999999729167,0.999999999358974,0.343749999731445,0.840384022208513,0.457996966826701,0.848382749326145,0.025754684690669,0.67187499954521,0.451263840134079,0.787878787480869
243,0.649999999729167,0.999999999358974,0.343749999731445,0.841725786551511,0.455096615366632,0.854177897574124,0.025341108664307,0.67187499954521,0.444017317488387,0.787878787480869
345,0.649999999729167,0.999999999358974,0.343749999731445,0.836913942011104,0.46138785905204,0.857412398921833,0.025102357924693,0.67187499954521,0.439834017366976,0.787878787480869
117,0.8499999989375,0.435897435618015,0.906249999291992,0.792990438001234,0.487608441669559,0.802560646900269,0.027513470194433,0.671073717455003,0.482080614244616,0.576271185952313
222,0.949999998416667,0.365384615150394,0.976562499237061,0.790144972239358,0.490097448374595,0.800673854447439,0.027331381507555,0.670973557193727,0.478890125171558,0.527777777289095
160,0.935483869458897,0.371794871556542,0.968749999243164,0.794602097470697,0.485884544493772,0.802291105121294,0.02716394436501,0.670272435399853,0.475956354914485,0.532110091254945
181,0.935483869458897,0.371794871556542,0.968749999243164,0.795635410240592,0.486027082248766,0.814016172506739,0.027029385523316,0.670272435399853,0.473598665804476,0.532110091254945
320,0.651063829510186,0.980769230140533,0.359374999719238,0.840854410857495,0.4573299202602,0.856064690026954,0.025462712951783,0.670072114929886,0.446148021801098,0.782608695251863
225,0.648535564582203,0.993589742952827,0.343749999731445,0.841957125231339,0.464971487929971,0.850404312668464,0.026029175783811,0.668669871342136,0.456073369206609,0.784810126184906
268,0.648535564582203,0.993589742952827,0.343749999731445,0.838271128932758,0.459554676654327,0.852291105121294,0.025746569264989,0.668669871342136,0.451121644716005,0.784810126184906
396,0.648535564582203,0.993589742952827,0.343749999731445,0.837870141887723,0.458375962854774,0.849326145552561,0.02565989331774,0.668669871342136,0.449602941564612,0.784810126184906
204,0.964912279008926,0.3525641023381,0.984374999230957,0.791124305983961,0.489003767666397,0.79366576819407,0.027645745984239,0.668469550784528,0.484398300583298,0.516431924397716
263,0.647302904295725,0.999999999358974,0.335937499737549,0.84109346082665,0.456567974052329,0.8455525606469,0.025794901708826,0.667968749548262,0.451968507508974,0.785894206153202
383,0.647302904295725,0.999999999358974,0.335937499737549,0.836497532387415,0.46157502223363,0.844743935309973,0.025730700877536,0.667968749548262,0.450843604835304,0.785894206153202
279,0.647302904295725,0.999999999358974,0.335937499737549,0.839103948180136,0.456652103337575,0.842183288409703,0.025723039708571,0.667968749548262,0.450709368731525,0.785894206153202
365,0.647302904295725,0.999999999358974,0.335937499737549,0.836458975940777,0.461920163191231,0.849730458221024,0.025680662028936,0.667968749548262,0.449966843063767,0.785894206153202
267,0.647302904295725,0.999999999358974,0.335937499737549,0.83953578038248,0.456692925246799,0.854043126684636,0.02543733812456,0.667968749548262,0.445703413679793,0.785894206153202
124,0.949152540764148,0.358974358744247,0.976562499237061,0.794887415175817,0.485739257661866,0.784636118598383,0.02789709587515,0.667768428990654,0.48880235826647,0.520930232073553
177,0.88571428444898,0.397435897181131,0.937499999267578,0.795488895743368,0.486277511857936,0.800404312668464,0.027563930348484,0.667467948224355,0.482964757970861,0.548672565886131
261,0.649572649295054,0.974358973734385,0.359374999719238,0.840638494756323,0.457863090546911,0.838409703504043,0.026146296345671,0.666866986726812,0.458125511375633,0.779487179087442
112,0.920634919173595,0.371794871556542,0.960937499249268,0.791648673658236,0.48853307297692,0.802560646900269,0.027260136166675,0.666366185402905,0.477641791266364,0.529680364813077
227,0.648305084471057,0.980769230140533,0.351562499725342,0.839643738433066,0.465611420313223,0.85188679245283,0.026112796678121,0.666165864932937,0.457538542876373,0.780612244499688
362,0.648305084471057,0.980769230140533,0.351562499725342,0.835996298581123,0.462251860032971,0.851752021563342,0.025701586081808,0.666165864932937,0.450333466400971,0.780612244499688
319,0.648305084471057,0.980769230140533,0.351562499725342,0.839998457742134,0.45674395263333,0.856603773584906,0.025224757749836,0.666165864932937,0.441978660789696,0.780612244499688
398,0.647058823257538,0.98717948654668,0.343749999731445,0.839011412708205,0.457630473449792,0.852021563342318,0.025703836182432,0.665464743139063,0.450372891812711,0.781725887928058
307,0.647058823257538,0.98717948654668,0.343749999731445,0.838055212831585,0.460538733213308,0.854716981132076,0.025406775826862,0.665464743139063,0.44516791266364,0.781725887928058
219,0.855263156769391,0.416666666399573,0.914062499285889,0.788710672424429,0.492337381179624,0.807412398921833,0.027191722280869,0.665364582842731,0.476443069045608,0.560344827103151
271,0.645833333064236,0.993589742952827,0.335937499737549,0.838440777297964,0.460029476129878,0.85,0.025640767462438,0.664763621345188,0.449267825564823,0.782828282432915
234,0.645833333064236,0.993589742952827,0.335937499737549,0.841810610734115,0.454744243960165,0.850808625336927,0.025445834843443,0.664763621345188,0.445852289973079,0.782828282432915
265,0.645833333064236,0.993589742952827,0.335937499737549,0.841193707587909,0.456114602313262,0.853369272237197,0.025315390202471,0.664763621345188,0.443566688331398,0.782828282432915
99,0.644628098907179,0.999999999358974,0.328124999743652,0.782611042566317,0.495363098078629,0.800404312668464,0.027640363159839,0.664062499551313,0.484303984770904,0.78391959759602
293,0.644628098907179,0.999999999358974,0.328124999743652,0.84055367057372,0.456775698822883,0.844609164420485,0.02568595541419,0.664062499551313,0.450059591757285,0.78391959759602
342,0.644628098907179,0.999999999358974,0.328124999743652,0.837924120913017,0.459218272489106,0.85,0.025571833417387,0.664062499551313,0.4480599893106,0.78391959759602
237,0.644628098907179,0.999999999358974,0.328124999743652,0.841216841455891,0.45567791332861,0.852156334231806,0.025562736514761,0.664062499551313,0.447900596824852,0.78391959759602
296,0.644628098907179,0.999999999358974,0.328124999743652,0.839111659469463,0.457258519577645,0.853638814016172,0.025393108113136,0.664062499551313,0.4449284321553,0.78391959759602
314,0.644628098907179,0.999999999358974,0.328124999743652,0.833328192473782,0.462992001918479,0.852021563342318,0.025372906634419,0.664062499551313,0.44457446948902,0.78391959759602
102,0.919354837226847,0.365384615150394,0.960937499249268,0.786852251696484,0.492832591609787,0.798517520215633,0.02742871012784,0.663161057199831,0.48059548042916,0.522935779336756
257,0.645569619980772,0.980769230140533,0.343749999731445,0.83928130783467,0.458256622789893,0.850943396226415,0.02570150841097,0.662259614935989,0.450332105481947,0.778625953802226
179,0.89393939258494,0.378205127962689,0.945312499261475,0.794455582973473,0.486521953751639,0.793261455525606,0.027530680169078,0.661758813612082,0.482382160908467,0.531531531052674
385,0.643153526704086,0.993589742952827,0.328124999743652,0.83899599012955,0.458951273101284,0.851212938005391,0.025380758449985,0.66085737134824,0.444712046030405,0.780856422780425
352,0.641975308377788,0.999999999358974,0.320312499749756,0.839967612584824,0.458297896602171,0.855256064690027,0.025368415847818,0.660156249554365,0.444495783625422,0.781954886826088
208,0.918032785380274,0.358974358744247,0.960937499249268,0.790576804441703,0.489502254393703,0.800539083557951,0.027374145187715,0.659955928996757,0.479639414194468,0.516129031782369
188,0.892307690934911,0.371794871556542,0.945312499261475,0.793954349167181,0.486337840915664,0.807816711590296,0.02705603368154,0.658553685409008,0.474065584749789,0.524886877353044
108,0.842105262049862,0.410256409993425,0.906249999291992,0.790576804441703,0.489149318108418,0.799191374663073,0.027462546369019,0.658253204642709,0.481188346244193,0.55172413745541
244,0.640495867503927,0.993589742952827,0.320312499749756,0.840252930289945,0.455214712698114,0.854716981132076,0.025426786658978,0.656951121351292,0.445518534892314,0.778894471970405
338,0.639344262033056,0.999999999358974,0.312499999755859,0.838895743368291,0.457393412639307,0.842722371967655,0.025700188006734,0.656249999557417,0.45030896985853,0.77999999961
379,0.639344262033056,0.999999999358974,0.312499999755859,0.837045033929673,0.456700494622956,0.847035040431267,0.025649162973866,0.656249999557417,0.449414928539379,0.77999999961
242,0.639344262033056,0.999999999358974,0.312499999755859,0.838857186921653,0.456809026673126,0.851347708894879,0.025514740644552,0.656249999557417,0.447059631347656,0.77999999961
252,0.639344262033056,0.999999999358974,0.312499999755859,0.839751696483652,0.459183890198404,0.85377358490566,0.025469157277628,0.656249999557417,0.446260936840161,0.77999999961
309,0.639344262033056,0.999999999358974,0.312499999755859,0.83877236273905,0.460537452821321,0.852560646900269,0.025436154232705,0.656249999557417,0.445682669974662,0.77999999961
248,0.639344262033056,0.999999999358974,0.312499999755859,0.843846391116595,0.453702645078957,0.861590296495957,0.025065669045484,0.656249999557417,0.43919116870777,0.77999999961
209,0.857142855918367,0.384615384368836,0.921874999279785,0.791270820481184,0.490131190469304,0.791374663072776,0.027845715439358,0.653245191824311,0.487902089711782,0.530973450857546
341,0.637860082042033,0.993589742952827,0.312499999755859,0.840006169031462,0.457442255827742,0.847978436657682,0.025632266036232,0.653044871354343,0.449118866791596,0.77694235550028
397,0.637860082042033,0.993589742952827,0.312499999755859,0.841155151141271,0.456254315674167,0.854986522911051,0.025286875590487,0.653044871354343,0.443067066089527,0.77694235550028
152,0.876923075573964,0.365384615150394,0.937499999267578,0.791679518815546,0.488068403661499,0.794609164420485,0.027799698998673,0.651442307208986,0.487095807049726,0.515837103605577
111,0.943396224635101,0.320512820307364,0.976562499237061,0.791132017273288,0.48943974113788,0.792183288409704,0.027661131871035,0.648537659772212,0.484667886270059,0.478468899063666
374,0.634146341205632,0.999999999358974,0.296874999768066,0.831330968537939,0.465154282715371,0.834366576819407,0.026356574839213,0.64843749956352,0.461809931574641,0.776119402598946
97,0.898305083223212,0.339743589525805,0.953124999255371,0.784546576187539,0.495793046176057,0.790296495956873,0.027888253167991,0.646434294390588,0.48864741969753,0.493023255355327
394,0.632653060966264,0.993589742952827,0.296874999768066,0.837376619370759,0.459385250667611,0.843800539083558,0.025815472712437,0.645232371360447,0.452328944850612,0.773067331285253
269,0.632653060966264,0.993589742952827,0.296874999768066,0.839412399753239,0.457327660744929,0.852425876010782,0.025474518919072,0.645232371360447,0.446354881492821,0.773067331285253
235,0.632653060966264,0.993589742952827,0.296874999768066,0.838834053053671,0.457217697668421,0.852291105121294,0.025238248938932,0.645232371360447,0.442215048300253,0.773067331285253
101,0.629032257810874,0.999999999358974,0.281249999780273,0.787353485502776,0.493854495049553,0.79622641509434,0.028008824197963,0.640624999569624,0.490760019663218,0.772277227340457
175,0.629032257810874,0.999999999358974,0.281249999780273,0.79510333127699,0.487016825254512,0.809029649595687,0.027504453316306,0.640624999569624,0.481922623917863,0.772277227340457
207,0.894736840535549,0.326923076713511,0.953124999255371,0.788610425663171,0.490242772865089,0.791913746630728,0.027686396076156,0.640024037984441,0.485110556112753,0.478873238986973
245,0.629629629370523,0.980769230140533,0.296874999768066,0.840252930289945,0.455022277314226,0.846091644204852,0.025936119059584,0.638822114954299,0.454442864495355,0.766917292848663
195,0.627530364118409,0.993589742952827,0.281249999780273,0.791432757557063,0.488921860237834,0.807142857142857,0.027459526621006,0.63741987136655,0.48113543536212,0.769230768849017
215,0.626506023844777,0.999999999358974,0.273437499786377,0.789697717458359,0.490097900277649,0.803099730458221,0.027572591823688,0.636718749572676,0.483116521062078,0.770370369989941
189,0.626506023844777,0.999999999358974,0.273437499786377,0.791694941394201,0.488444688271248,0.801617250673854,0.027357996714514,0.636718749572676,0.479356466757285,0.770370369989941
206,0.627049180070881,0.980769230140533,0.28906249977417,0.790029302899445,0.491352157204419,0.786522911051213,0.028393318379861,0.634915864957351,0.497496981234164,0.7649999996175
287,0.626016259908123,0.98717948654668,0.281249999780273,0.837137569401604,0.461797358536268,0.848382749326145,0.025632501402406,0.634214743163477,0.44912299078864,0.766169153847677
106,0.624999999747984,0.993589742952827,0.273437499786377,0.790368599629858,0.489709527261202,0.79811320754717,0.027817363230034,0.633513621369602,0.487405313027872,0.767326732293403
201,0.6239999997504,0.999999999358974,0.26562499979248,0.791648673658236,0.48996349677763,0.806738544474393,0.027204785103528,0.632812499575728,0.476671950881546,0.768472906025383
109,0.903846152107988,0.301282051088922,0.960937499249268,0.790183528685996,0.490163689830615,0.792857142857143,0.027380205866696,0.631109775169095,0.479745607118349,0.451923076488536
184,0.623481781124097,0.98717948654668,0.273437499786377,0.796020974706971,0.486074946313917,0.807412398921833,0.027107788349548,0.630308493166528,0.474972410459776,0.764267989695152
94,0.621513943975492,0.999999999358974,0.257812499798584,0.777945712523134,0.500654280305221,0.790296495956873,0.027982512613368,0.628906249578779,0.490298998033678,0.766584766208066
140,0.621513943975492,0.999999999358974,0.257812499798584,0.792990438001234,0.487158120276107,0.807681940700809,0.027368253972379,0.628906249578779,0.479536190548459,0.766584766208066
236,0.621513943975492,0.999999999358974,0.257812499798584,0.841918568784701,0.454434803343842,0.841509433962264,0.026105304972802,0.628906249578779,0.457407276050465,0.766584766208066
92,0.619999999752,0.993589742952827,0.257812499798584,0.775023133867983,0.505128421809926,0.782614555256065,0.028317655215895,0.625701121375705,0.496171239904455,0.763546797653425
220,0.619047618801965,0.999999999358974,0.249999999804687,0.793915792720543,0.487970604308865,0.796091644204852,0.02764897991547,0.624999999581831,0.484454964302682,0.764705881978085
143,0.619047618801965,0.999999999358974,0.249999999804687,0.79383096853794,0.487785964252661,0.810916442048518,0.027113234722815,0.624999999581831,0.475067839751373,0.764705881978085
89,0.618473895333946,0.98717948654668,0.257812499798584,0.758929673041332,0.518515936813107,0.778167115902965,0.028384628660716,0.622495993172632,0.497344723263302,0.760493826784941
115,0.61752988023206,0.993589742952827,0.249999999804687,0.792103639728563,0.488087948468591,0.808490566037736,0.027577221476331,0.621794871378757,0.483197640083932,0.761670761296476
202,0.616600790270118,0.999999999358974,0.242187499810791,0.792867057371993,0.488860702691173,0.802560646900269,0.027661790896323,0.621093749584883,0.484679433461782,0.762836185446046
107,0.616600790270118,0.999999999358974,0.242187499810791,0.789219617520049,0.490472942153999,0.801482479784367,0.027373170771754,0.621093749584883,0.479622340846706,0.762836185446046
174,0.616600790270118,0.999999999358974,0.242187499810791,0.793715299198026,0.488654860850012,0.807142857142857,0.027212121467173,0.621093749584883,0.476800495869405,0.762836185446046
151,0.616600790270118,0.999999999358974,0.242187499810791,0.793676742751388,0.486059506292901,0.803908355795148,0.027089571007678,0.621093749584883,0.474653213088577,0.762836185446046
216,0.615079364835286,0.993589742952827,0.242187499810791,0.791841455891425,0.491357354089542,0.801482479784367,0.027511038861855,0.617888621381809,0.482038013355152,0.759803921196175
165,0.615079364835286,0.993589742952827,0.242187499810791,0.794016039481801,0.486547034371144,0.809973045822102,0.027178868934105,0.617888621381809,0.47621785756704,0.759803921196175
158,0.614173228104656,0.999999999358974,0.234374999816895,0.796252313386798,0.48428412982753,0.790296495956873,0.027699428301212,0.617187499587935,0.485338901829075,0.76097560938489
93,0.614173228104656,0.999999999358974,0.234374999816895,0.77655768044417,0.503445572494891,0.7955525606469,0.027681265093562,0.617187499587935,0.485020652977196,0.76097560938489
147,0.614173228104656,0.999999999358974,0.234374999816895,0.794586674892042,0.485061214787714,0.794878706199461,0.02758010000464,0.617187499587935,0.483248076567779,0.76097560938489
176,0.614173228104656,0.999999999358974,0.234374999816895,0.79618291178285,0.485772284243406,0.802830188679245,0.027369659108438,0.617187499587935,0.479560810810811,0.76097560938489
113,0.614173228104656,0.999999999358974,0.234374999816895,0.790854410857495,0.489260072015271,0.804177897574124,0.027180787168424,0.617187499587935,0.476251468142948,0.76097560938489
192,0.614173228104656,0.999999999358974,0.234374999816895,0.79541949413942,0.485512138718572,0.808355795148248,0.02715967011529,0.617187499587935,0.475881463128167,0.76097560938489
191,0.61264822110172,0.993589742952827,0.234374999816895,0.796290869833436,0.48613659342222,0.808894878706199,0.027238171795315,0.613982371384861,0.477256939862226,0.757946209898315
167,0.61264822110172,0.993589742952827,0.234374999816895,0.79570481184454,0.485398372124692,0.807816711590296,0.027169063579295,0.613982371384861,0.47604605185019,0.757946209898315
91,0.611764705642445,0.999999999358974,0.226562499822998,0.771067242442936,0.507067349522308,0.788140161725067,0.028008513514613,0.613281249590986,0.49075457598712,0.759124087221837
163,0.611764705642445,0.999999999358974,0.226562499822998,0.795357803824799,0.485568250014461,0.798247978436658,0.027662522885124,0.613281249590986,0.484692259092589,0.759124087221837
154,0.611764705642445,0.999999999358974,0.226562499822998,0.794848858729179,0.484878231709375,0.800269541778976,0.027625026699939,0.613281249590986,0.484035265123522,0.759124087221837
170,0.611764705642445,0.999999999358974,0.226562499822998,0.796321714990746,0.484855448263728,0.799326145552561,0.027608395726082,0.613281249590986,0.483743863492399,0.759124087221837
134,0.611764705642445,0.999999999358974,0.226562499822998,0.794262800740284,0.485963702845423,0.797708894878706,0.027533071489406,0.613281249590986,0.482424060718433,0.759124087221837
182,0.611764705642445,0.999999999358974,0.226562499822998,0.795558297347316,0.487381962922258,0.802021563342318,0.027485984132629,0.613281249590986,0.481599013869827,0.759124087221837
190,0.611764705642445,0.999999999358974,0.226562499822998,0.796020974706971,0.486521388872821,0.805390835579515,0.0273488621533,0.613281249590986,0.47919641443201,0.759124087221837
153,0.611764705642445,0.999999999358974,0.226562499822998,0.791679518815546,0.48784644394474,0.804986522911051,0.027225603241621,0.613281249590986,0.47703671842008,0.759124087221837
156,0.611764705642445,0.999999999358974,0.226562499822998,0.792427513880321,0.48789363015531,0.81010781671159,0.027097764104196,0.613281249590986,0.474796769425676,0.759124087221837
159,0.611764705642445,0.999999999358974,0.226562499822998,0.793537939543492,0.486798028859132,0.805660377358491,0.027075366659075,0.613281249590986,0.474404329866976,0.759124087221837
185,0.61023622023219,0.993589742952827,0.226562499822998,0.79341455891425,0.48761262177281,0.798921832884097,0.027891435318664,0.610076121387913,0.488703176137563,0.756097560606782
223,0.609374999761963,0.999999999358974,0.218749999829102,0.791517581739667,0.491912291040028,0.797843665768194,0.02795431809938,0.609374999594038,0.489804984427787,0.757281553030446
168,0.609374999761963,0.999999999358974,0.218749999829102,0.795026218383714,0.486084097350763,0.7955525606469,0.027773069669743,0.609374999594038,0.486629218024177,0.757281553030446
142,0.609374999761963,0.999999999358974,0.218749999829102,0.793807834669957,0.487253095234652,0.79622641509434,0.027484108264222,0.609374999594038,0.481566145613387,0.757281553030446
136,0.609374999761963,0.999999999358974,0.218749999829102,0.796175200493523,0.486981350864762,0.806064690026954,0.027157688332104,0.609374999594038,0.475846739073057,0.757281553030446
104,0.607843137016532,0.993589742952827,0.218749999829102,0.788934299814929,0.492242180269551,0.790835579514825,0.027841375287109,0.606169871390964,0.487826043206292,0.754257907175544
186,0.607843137016532,0.993589742952827,0.218749999829102,0.794239666872301,0.488538571130746,0.797843665768194,0.027565490826217,0.606169871390964,0.482992100071263,0.754257907175544
135,0.607843137016532,0.993589742952827,0.218749999829102,0.796260024676126,0.484332370478559,0.804851752021563,0.027166439246455,0.606169871390964,0.47600006928315,0.754257907175544
130,0.607843137016532,0.993589742952827,0.218749999829102,0.793522516964837,0.487506650506614,0.809973045822102,0.026955887728151,0.606169871390964,0.472310865247572,0.754257907175544
194,0.607003890814395,0.999999999358974,0.210937499835205,0.790707896360271,0.489991439449811,0.801752021563342,0.027720321756481,0.60546874959709,0.485704989046664,0.755447941522785
217,0.607003890814395,0.999999999358974,0.210937499835205,0.791694941394201,0.489159862513015,0.79743935309973,0.02770474051576,0.60546874959709,0.485431980442356,0.755447941522785
132,0.607003890814395,0.999999999358974,0.210937499835205,0.794386181369525,0.487116055633484,0.804312668463612,0.027587219831404,0.60546874959709,0.483372827478357,0.755447941522785
196,0.607003890814395,0.999999999358974,0.210937499835205,0.792026526835287,0.490678520385046,0.806199460916442,0.027543900687073,0.60546874959709,0.482613805822424,0.755447941522785
210,0.607003890814395,0.999999999358974,0.210937499835205,0.791185996298581,0.49135983955634,0.800943396226415,0.027392666151949,0.60546874959709,0.479963931521854,0.755447941522785
138,0.607003890814395,0.999999999358974,0.210937499835205,0.795226711906231,0.485732855701932,0.809838274932615,0.027275387894752,0.60546874959709,0.47790902627481,0.755447941522785
198,0.605468749763489,0.993589742952827,0.210937499835205,0.790931523750771,0.491645894189611,0.796495956873315,0.027814917775486,0.602263621394016,0.487362464698585,0.752427184100763
146,0.605468749763489,0.993589742952827,0.210937499835205,0.793553362122147,0.486144727677194,0.793261455525606,0.027699538923314,0.602263621394016,0.485340840107686,0.752427184100763
88,0.604651162556337,0.999999999358974,0.203124999841309,0.712954966070327,0.575284073791551,0.764150943396226,0.029584228854552,0.601562499600141,0.518363663956926,0.753623188041728
178,0.604651162556337,0.999999999358974,0.203124999841309,0.79564312152992,0.486563679466971,0.795687331536388,0.027511335423234,0.601562499600141,0.482043209591427,0.753623188041728
205,0.604651162556337,0.999999999358974,0.203124999841309,0.789875077112893,0.48962603817195,0.804312668463612,0.02743896032472,0.601562499600141,0.480775080500422,0.753623188041728
114,0.604651162556337,0.999999999358974,0.203124999841309,0.792951881554596,0.489469679715217,0.802830188679245,0.027255231135608,0.601562499600141,0.477555847167969,0.753623188041728
137,0.604651162556337,0.999999999358974,0.203124999841309,0.795396360271437,0.485623796431532,0.815363881401617,0.027135731021729,0.601562499600141,0.47546201138883,0.753623188041728
169,0.603112840232252,0.993589742952827,0.203124999841309,0.796668723010487,0.485135364547181,0.800943396226415,0.027545588262541,0.598357371397068,0.482643374881229,0.750605326513024
197,0.603112840232252,0.993589742952827,0.203124999841309,0.791162862430598,0.49438615899275,0.800673854447439,0.027477226157294,0.598357371397068,0.481445559939823,0.750605326513024
155,0.602316602084048,0.999999999358974,0.195312499847412,0.79589759407773,0.485005216467588,0.798787061994609,0.027967533910052,0.597656249603193,0.490036546861803,0.751807228553346
218,0.602316602084048,0.999999999358974,0.195312499847412,0.791980259099321,0.489581939965583,0.795687331536388,0.027696512114316,0.597656249603193,0.485287805505701,0.751807228553346
141,0.602316602084048,0.999999999358974,0.195312499847412,0.791024059222702,0.488173056877121,0.793935309973046,0.027671238494548,0.597656249603193,0.484844970703125,0.751807228553346
95,0.602316602084048,0.999999999358974,0.195312499847412,0.779210363972856,0.498459462488431,0.791239892183288,0.027639360499937,0.597656249603193,0.484286416543497,0.751807228553346
125,0.602316602084048,0.999999999358974,0.195312499847412,0.791741209130166,0.489110040201296,0.79811320754717,0.0275299528876,0.597656249603193,0.482369417757601,0.751807228553346
213,0.602316602084048,0.999999999358974,0.195312499847412,0.791448180135719,0.489188671332716,0.801347708894879,0.027426622429877,0.597656249603193,0.48055890057538,0.751807228553346
193,0.602316602084048,0.999999999358974,0.195312499847412,0.793175508945096,0.488741061357589,0.79743935309973,0.02740717883024,0.597656249603193,0.480218217179582,0.751807228553346
116,0.602316602084048,0.999999999358974,0.195312499847412,0.791748920419494,0.48893537967087,0.805929919137466,0.027147165110463,0.597656249603193,0.475662355165224,0.751807228553346
129,0.602316602084048,0.999999999358974,0.195312499847412,0.792805367057372,0.487697956132867,0.811051212938005,0.027130058696935,0.597656249603193,0.475362623060072,0.751807228553346
172,0.602316602084048,0.999999999358974,0.195312499847412,0.795851326341764,0.485170537668228,0.811725067385445,0.027119975610039,0.597656249603193,0.47518595102671,0.751807228553346
221,0.600775193565591,0.993589742952827,0.195312499847412,0.787584824182603,0.492487149383484,0.797843665768194,0.027496735659459,0.59445112140012,0.481787398054793,0.748792270169666
128,0.599999999769231,0.999999999358974,0.187499999853516,0.794154842689698,0.487490645606779,0.801482479784367,0.027740191368893,0.593749999606245,0.486053136877112,0.749999999639423
183,0.599999999769231,0.999999999358974,0.187499999853516,0.794740900678594,0.485604778844671,0.79622641509434,0.027734274263278,0.593749999606245,0.485949459591427,0.749999999639423
145,0.599999999769231,0.999999999358974,0.187499999853516,0.794046884639112,0.486981802767816,0.799460916442049,0.02762047001081,0.593749999606245,0.483955424540752,0.749999999639423
103,0.599999999769231,0.999999999358974,0.187499999853516,0.789713140037014,0.490585089428602,0.79811320754717,0.027389220391161,0.593749999606245,0.479903556205131,0.749999999639423
166,0.599999999769231,0.999999999358974,0.187499999853516,0.796090376310919,0.484862528078243,0.811455525606469,0.027086683064722,0.593749999606245,0.474602611644848,0.749999999639423
157,0.599999999769231,0.999999999358974,0.187499999853516,0.795033929673041,0.48496883827173,0.806469002695418,0.027008541494944,0.593749999606245,0.473233444626267,0.749999999639423
200,0.599221789650108,0.98717948654668,0.195312499847412,0.7925894509562,0.489138246483592,0.792183288409704,0.027857027137682,0.591245993197046,0.488100289009713,0.745762711503263
162,0.598455598224534,0.993589742952827,0.187499999853516,0.795033929673041,0.485163721463829,0.798517520215633,0.027405411230273,0.590544871403171,0.480187245961782,0.746987951447235
121,0.597701149196283,0.999999999358974,0.179687499859619,0.792350400987045,0.487163204185466,0.794609164420485,0.027591070422011,0.589843749609297,0.483440296069996,0.748201438490071
203,0.597701149196283,0.999999999358974,0.179687499859619,0.789851943244911,0.49084184568053,0.806199460916442,0.027262755792192,0.589843749609297,0.477687691353463,0.748201438490071
126,0.596153845924556,0.993589742952827,0.179687499859619,0.794031462060457,0.48778773420629,0.802695417789757,0.027292654357279,0.586638621406223,0.478211562697952,0.745192307334042
98,0.595419847100985,0.999999999358974,0.171874999865723,0.78524059222702,0.494710851337151,0.790161725067385,0.027992948749524,0.585937499612349,0.490481856062606,0.746411482896454
144,0.595419847100985,0.999999999358974,0.171874999865723,0.793337446020975,0.486350305908241,0.801752021563342,0.027401148748861,0.585937499612349,0.480112560375317,0.746411482896454
148,0.595419847100985,0.999999999358974,0.171874999865723,0.795951573103023,0.485368471205943,0.803369272237197,0.027168413968655,0.585937499612349,0.476034669618349,0.746411482896454
100,0.593155893310587,0.999999999358974,0.164062499871826,0.78543337446021,0.493019641815614,0.791509433962264,0.02780016737736,0.5820312496154,0.487104013803843,0.744630071243613
85,0.733333332111111,0.28205128187048,0.874999999316406,0.565977791486736,0.718616010744447,0.575471698113208,0.040429125445576,0.578525640593443,0.708383838550464,0.407407407030178
96,0.590909090685262,0.999999999358974,0.15624999987793,0.780976249228871,0.498841734813647,0.787601078167116,0.0282130373052,0.578124999618452,0.494338164458404,0.742857142503402
149,0.590909090685262,0.999999999358974,0.15624999987793,0.791872301048735,0.486791400947671,0.803369272237197,0.027338983834976,0.578124999618452,0.479023330276077,0.742857142503402
123,0.588679245060876,0.999999999358974,0.148437499884033,0.791910857495373,0.488061625115687,0.800943396226415,0.027425059598481,0.574218749621504,0.480531517235008,0.741092636227509
90,0.583333333112374,0.98717948654668,0.140624999890137,0.766849167180753,0.512488529194142,0.778301886792453,0.028697331452212,0.563902243218408,0.502823783255912,0.733333332984127
5,0.610294117198313,0.532051281710223,0.585937499542236,0.500825107958051,0.752702304946591,0.499730458221024,0.043155536595712,0.55899439062623,0.756154983108108,0.568493150295553
31,0.585798816221421,0.63461538420858,0.453124999645996,0.500354719309069,0.753590445082331,0.511320754716981,0.042709988428269,0.543870191927288,0.74834825670397,0.609230768855858
34,0.583333332928241,0.538461538116371,0.531249999584961,0.499043800123381,0.754340754786557,0.498921832884097,0.043173146692853,0.534855768850666,0.756463540566934,0.559999999626667
53,0.575757575408632,0.608974358583991,0.453124999645996,0.499244293645898,0.753045600633387,0.494204851752022,0.043213271918202,0.531049679114993,0.757166599582981,0.591900311157694
36,0.576158940015789,0.557692307334813,0.499999999609375,0.498380629241209,0.754162027128644,0.497708894878706,0.043207067665855,0.528846153472094,0.757057891020904,0.56677524393044
55,0.57241379270868,0.532051281710223,0.515624999597168,0.498843306600864,0.753867160385817,0.504986522911051,0.043028095227121,0.523838140653696,0.753922003668708,0.551495016244854
8,0.568047336941984,0.615384614990138,0.429687499664307,0.499961443553362,0.75312558747397,0.509029649595687,0.042850280789963,0.522536057327222,0.750806406381968,0.59076923040568
82,0.569536423463883,0.551282050928665,0.492187499615479,0.501179827267119,0.78205687290317,0.497843665768194,0.0448197119585,0.521734775272072,0.7853140341269,0.560260585954228
16,0.56862745060874,0.557692307334813,0.484374999621582,0.50155768044417,0.752359235211322,0.491509433962264,0.043341381726728,0.521033653478197,0.759411291173987,0.563106795752034
54,0.56862745060874,0.557692307334813,0.484374999621582,0.50050894509562,0.752527945684868,0.50822102425876,0.042880106391536,0.521033653478197,0.751328999287373,0.563106795752034
86,0.999999983333334,0.038461538436884,0.99999999921875,0.600948488587292,0.694541854658337,0.602425876010782,0.039912459034988,0.519230768827817,0.699331005199536,0.074074073982625
87,0.999999983333334,0.038461538436884,0.99999999921875,0.614211906230722,0.686818756145881,0.626280323450135,0.038624290549864,0.519230768827817,0.676760204418285,0.074074073982625
39,0.563291138883993,0.570512820147107,0.460937499639893,0.500300740283775,0.753393942570955,0.509433962264151,0.04283410171916,0.5157251598935,0.750522922825169,0.56687898053065
2,0.560693641294397,0.621794871396285,0.406249999682617,0.501488278840222,0.752098713100609,0.504177897574124,0.042952476782728,0.514022435539451,0.752597045898437,0.589665653136981
37,0.562091502900594,0.551282050928665,0.476562499627686,0.500493522516965,0.752857759597216,0.495822102425876,0.043214768847069,0.513922275278175,0.757192828204181,0.556634303846839
68,0.749999990625,0.038461538436884,0.984374999230957,0.500400987045034,0.78341808021942,0.506738544474394,0.044568383250545,0.51141826883392,0.780910347603463,0.073170731618085
71,0.557046979491915,0.532051281710223,0.484374999621582,0.497532387415176,0.785690625361522,0.495956873315364,0.045165333063095,0.508213140665903,0.791369876346073,0.544262294725074
74,0.666666659259259,0.038461538436884,0.976562499237061,0.503200185070944,0.780872209046738,0.502830188679245,0.044581615536849,0.507512018836972,0.781142198717272,0.072727272639119
24,0.554913294476929,0.615384614990138,0.398437499688721,0.501133559531154,0.752489910511145,0.509299191374663,0.042761886669643,0.506911057339429,0.749257598052154,0.583586625785054
14,0.553571428241922,0.596153845771696,0.414062499676514,0.502236273904997,0.751942128692349,0.507547169811321,0.042891498114359,0.505108172724105,0.751528600744299,0.574074073719707
84,0.99999990000001,0.006410256406147,0.99999999921875,0.52112122146823,0.747661100426114,0.55188679245283,0.041986816443909,0.503205127812449,0.735677110826647,0.012738853486957
26,0.551282050928665,0.551282050928665,0.453124999645996,0.500439543491672,0.752995514711553,0.502291105121294,0.042986661365844,0.502203525287331,0.753196015229096,0.551282050928665
70,0.571428567346939,0.051282051249178,0.953124999255371,0.499884330660086,0.782213683262957,0.497574123989218,0.0452461060267,0.502203525252275,0.792785149651605,0.094117646948097
80,0.551020407788422,0.519230768897929,0.484374999621582,0.501064157927205,0.782513144353502,0.506738544474394,0.044588916595567,0.501802884259755,0.781270125105575,0.534653464993628
52,0.551020407788422,0.519230768897929,0.484374999621582,0.500717149907465,0.753210545248149,0.493396226415094,0.04334730824699,0.501802884259755,0.759515133419552,0.534653464993628
81,0.555555549382716,0.032051282030736,0.968749999243164,0.50003084515731,0.783133607246838,0.495417789757412,0.044953644726171,0.50040064063695,0.787660753404772,0.060606060532599
60,0,0,0.99999999921875,0.499537322640346,0.754631629719073,0.5,0.043517925186546,0.499999999609375,0.762504618876689,0
59,0,0,0.99999999921875,0.500269895126465,0.753471142676037,0.5,0.043360780606791,0.499999999609375,0.759751191010346,0
49,0,0,0.99999999921875,0.49895126465145,0.754207142116883,0.5,0.04335465167162,0.499999999609375,0.759643802127323,0
61,0,0,0.99999999921875,0.499275138803208,0.754428649930588,0.5,0.043272391193795,0.499999999609375,0.758202465160473,0
23,0,0,0.99999999921875,0.499861196792104,0.753278104754743,0.5,0.043269444409297,0.499999999609375,0.758150832717483,0
42,0,0,0.99999999921875,0.499082356570018,0.752993104561931,0.5,0.043253307704405,0.499999999609375,0.757868091480152,0
30,0,0,0.99999999921875,0.497925663170882,0.753744016803563,0.5,0.043219217267758,0.499999999609375,0.757270771748311,0
21,0,0,0.99999999921875,0.49847316471314,0.75327554397077,0.5,0.043200599803392,0.499999999609375,0.756944563582137,0
57,0,0,0.99999999921875,0.499668414558914,0.754203451575274,0.5,0.043192545572917,0.499999999609375,0.756803440403294,0
29,0,0,0.99999999921875,0.501627082048118,0.752493073832524,0.5,0.043160130943429,0.499999999609375,0.756235483530405,0
32,0,0,0.99999999921875,0.500239049969155,0.753334216050632,0.5,0.043141819455089,0.499999999609375,0.755914636560388,0
20,0,0,0.99999999921875,0.499051511412708,0.754905558287058,0.5,0.043140388428751,0.499999999609375,0.755889562658362,0
7,0,0,0.99999999921875,0.500323874151758,0.753914158303447,0.5,0.043127179679065,0.499999999609375,0.755658123944257,0
45,0,0,0.99999999921875,0.500840530536706,0.752523803240205,0.5,0.04312468479762,0.499999999609375,0.755614409575591,0
18,0,0,0.99999999921875,0.500331585441086,0.753368485365571,0.5,0.043124651846355,0.499999999609375,0.755613832216005,0
4,0,0,0.99999999921875,0.499444787168415,0.753818279538794,0.5,0.043112389268688,0.499999999609375,0.755398971970017,0
35,0,0,0.99999999921875,0.499159469463294,0.754011468094439,0.5,0.043107950262646,0.499999999609375,0.755321193385769,0
25,0,0,0.99999999921875,0.4997763726095,0.753167689775181,0.5,0.043093028047213,0.499999999609375,0.755059731973184,0
40,0,0,0.99999999921875,0.501334053053671,0.752439297369081,0.5,0.043080511274077,0.499999999609375,0.754840417810389,0
15,0,0,0.99999999921875,0.499899753238742,0.75431710519339,0.5,0.043063070640582,0.499999999609375,0.754534829629434,0
44,0,0,0.99999999921875,0.499190314620605,0.753913480448866,0.5,0.043054093774704,0.499999999609375,0.754377540382179,0
22,0,0,0.99999999921875,0.500092535471931,0.75350307715853,0.5,0.043050153744951,0.499999999609375,0.754308504671664,0
1,0,0,0.99999999921875,0.500377853177051,0.754300987317793,0.5,0.043048661523407,0.499999999609375,0.754282358530406,0
56,0,0,0.99999999921875,0.499622146822949,0.753836958198365,0.5,0.043047870693063,0.499999999609375,0.754268501900338,0
28,0,0,0.99999999921875,0.500347008019741,0.753247375347061,0.5,0.042996669135564,0.499999999609375,0.753371367583404,0
11,0,0,0.99999999921875,0.498920419494139,0.753567623978096,0.5,0.042990643761509,0.499999999609375,0.753265793259079,0
3,0,0,0.99999999921875,0.498812461443553,0.754160972688185,0.5,0.042972986591133,0.499999999609375,0.752956411000845,0
0,0,0,0.99999999921875,0.498974398519432,0.754559701816289,0.5,0.042965158312184,0.499999999609375,0.752819246859164,0
19,0,0,0.99999999921875,0.497786859962986,0.754345273817099,0.5,0.04296269167468,0.499999999609375,0.752776027370144,0
38,0,0,0.99999999921875,0.499614435533621,0.752937671120623,0.5,0.04294455435731,0.499999999609375,0.752458232157939,0
9,0,0,0.99999999921875,0.501002467612585,0.754242993092511,0.5,0.042929570946671,0.499999999609375,0.752195698506123,0
58,0,0,0.99999999921875,0.499861196792104,0.753942326927156,0.5,0.042892778506346,0.499999999609375,0.751551035288218,0
46,0,0,0.99999999921875,0.499313695249846,0.753008845851651,0.5,0.042833282644874,0.499999999609375,0.750508571315456,0
83,0,0,0.99999999921875,0.500393275755706,0.753751021300902,0.5,0.04282558146366,0.499999999609375,0.750373634132179,0
13,0,0,0.99999999921875,0.500123380629241,0.754000697738316,0.5,0.042729580308596,0.499999999609375,0.748691538217905,0
62,0,0,0.99999999921875,0.499367674275139,0.754870611117538,0.5,0.042692660770537,0.499999999609375,0.748044648041596,0
43,0.547619047293084,0.589743589365549,0.406249999682617,0.499629858112276,0.753562276458622,0.496900269541779,0.043109428362219,0.497996794524083,0.755347092087205,0.567901234217345
69,0.499999991666667,0.019230769218442,0.976562499237061,0.498396051819864,0.78428174227306,0.494743935309973,0.044873074177476,0.497896634227751,0.786249026736698,0.037037036991312
77,0.49999999375,0.025641025624589,0.968749999243164,0.498673658235657,0.784165377236619,0.502830188679245,0.044756704433711,0.497195512433877,0.784210040118243,0.04878048774539
64,0.499999995,0.032051282030736,0.960937499249268,0.49949105490438,0.769774524477479,0.501347708894879,0.044690157001666,0.496494390640002,0.783044021194046,0.060240963782842
78,0.499999995,0.032051282030736,0.960937499249268,0.501534546576188,0.781611597760489,0.503099730458221,0.04452657280339,0.496494390640002,0.780177760768581,0.060240963782842
75,0.499999995,0.032051282030736,0.960937499249268,0.497640345465762,0.786106526805684,0.509029649595687,0.044240395779708,0.496494390640002,0.775163475242821,0.060240963782842
10,0.546012269603673,0.570512820147107,0.42187499967041,0.501388032078964,0.752848872170484,0.500673854447439,0.043034327723409,0.496193909908759,0.754031207110431,0.557993730057684
72,0.543624160708977,0.519230768897929,0.468749999633789,0.500192782233189,0.782695863821726,0.488274932614555,0.045347727726,0.493990384265859,0.794565726615287,0.531147540635313
73,0.454545450413223,0.032051282030736,0.953124999255371,0.500107958050586,0.783584229908993,0.499191374663073,0.04506876232189,0.492588140643054,0.789677800358952,0.059880239449245
76,0.454545450413223,0.032051282030736,0.953124999255371,0.500161937075879,0.783157934694586,0.502695417789757,0.044582684099279,0.492588140643054,0.781160921663851,0.059880239449245
66,0.542168674372187,0.576923076553254,0.406249999682617,0.501704194941394,0.781297299186334,0.497708894878706,0.04488141084736,0.491586538117936,0.786395098711993,0.559006210832915
6,0.541095890040345,0.506410256085634,0.476562499627686,0.499784083898828,0.752834034686873,0.497169811320755,0.043207910276758,0.49148637785666,0.757072654930321,0.523178807600544
41,0.540880502804478,0.551282050928665,0.429687499664307,0.498534855027761,0.75423026448982,0.507008086253369,0.042926737137935,0.490484775296486,0.752146045581715,0.546031745685059
79,0.3749999953125,0.019230769218442,0.960937499249268,0.499976866132017,0.783672049735848,0.501212938005391,0.044702113603306,0.490084134233855,0.783253520243877,0.036585365809042
12,0.537974683203813,0.544871794522518,0.429687499664307,0.500385564466379,0.752838704351766,0.494743935309973,0.043230448941583,0.487279647093412,0.757467568887247,0.541401273540509
51,0.536585365526472,0.56410256374096,0.406249999682617,0.500524367674275,0.753440714537058,0.504582210242588,0.042906641573997,0.485176281711789,0.751793938714105,0.54999999965625
48,0.533783783423119,0.506410256085634,0.460937499639893,0.500863664404688,0.753621777027418,0.499865229110512,0.043135172714335,0.483673877862764,0.755798174883868,0.519736841763331
65,0.166666663888889,0.006410256406147,0.960937499249268,0.499899753238742,0.78278631974973,0.496361185983827,0.04508185338849,0.483673877827707,0.789907177074536,0.012345678997104
67,0.528662420045438,0.532051281710223,0.42187499967041,0.501449722393584,0.782308733538678,0.493530997304582,0.044900635556455,0.476963140690317,0.786731946790541,0.530351437360798
50,0.526666666315556,0.506410256085634,0.4453124996521,0.499359962985811,0.754549910583449,0.502291105121294,0.043027379713951,0.475861377868867,0.753909466717694,0.516339868943569
33,0.524137930673008,0.487179486867193,0.460937499639893,0.500555212831585,0.753597600214021,0.497843665768194,0.043226061716099,0.474058493253543,0.757390697582348,0.504983388368782
17,0.513513513166545,0.487179486867193,0.437499999658203,0.500023133867983,0.752866722341123,0.485983827493262,0.043538133726248,0.462339743262698,0.76285870526288,0.499999999671053
63,0.512987012653905,0.506410256085634,0.414062499676514,0.5027683528686,0.751947626846175,0.501212938005391,0.043093550560119,0.460236377881074,0.755068887246622,0.509677419026015
27,0.503267973527276,0.49358974327334,0.406249999682617,0.499090067859346,0.753681202279037,0.490835579514825,0.043365986906561,0.449919871477979,0.759842413824958,0.498381876700076
47,0.490683229508892,0.506410256085634,0.359374999719238,0.499252004935225,0.753799600879223,0.503638814016172,0.043027737470536,0.432892627902436,0.753915735193201,0.498422712619292
